artifact,path
raw_csv,/workspace/results/qwen3_32b/time_utility_experiment_probe_steered/20260412-093352/mmraz_time_utility_qwen3_32b_probe_steered_raw_20260412-093352.csv
summary_csv,/workspace/results/qwen3_32b/time_utility_experiment_probe_steered/20260412-093352/mmraz_time_utility_qwen3_32b_probe_steered_summary_20260412-093352.csv
summary_by_amount_scale_factor_csv,/workspace/results/qwen3_32b/time_utility_experiment_probe_steered/20260412-093352/mmraz_time_utility_qwen3_32b_probe_steered_summary_by_amount_scale_factor_20260412-093352.csv
config_json,/workspace/results/qwen3_32b/time_utility_experiment_probe_steered/20260412-093352/mmraz_time_utility_qwen3_32b_probe_steered_config_20260412-093352.json
plot_index_csv,/workspace/results/qwen3_32b/time_utility_experiment_probe_steered/20260412-093352/mmraz_time_utility_qwen3_32b_probe_steered_plots_20260412-093352.csv
partial_dir,/workspace/results/qwen3_32b/time_utility_experiment_probe_steered/20260412-093352/partial
baseline_choose_x_now,/workspace/results/qwen3_32b/time_utility_experiment_probe_steered/20260412-093352/qwen3_32b_baseline_layer40_strength0_choose_x_now.png
baseline_unparsed_rate,/workspace/results/qwen3_32b/time_utility_experiment_probe_steered/20260412-093352/qwen3_32b_baseline_layer40_strength0_unparsed_rate.png
steer_immediate_minus128_choose_x_now,/workspace/results/qwen3_32b/time_utility_experiment_probe_steered/20260412-093352/qwen3_32b_steer_immediate_minus128_layer40_strength128_choose_x_now.png
steer_immediate_minus128_unparsed_rate,/workspace/results/qwen3_32b/time_utility_experiment_probe_steered/20260412-093352/qwen3_32b_steer_immediate_minus128_layer40_strength128_unparsed_rate.png
steer_immediate_minus16_choose_x_now,/workspace/results/qwen3_32b/time_utility_experiment_probe_steered/20260412-093352/qwen3_32b_steer_immediate_minus16_layer40_strength16_choose_x_now.png
steer_immediate_minus16_unparsed_rate,/workspace/results/qwen3_32b/time_utility_experiment_probe_steered/20260412-093352/qwen3_32b_steer_immediate_minus16_layer40_strength16_unparsed_rate.png
steer_immediate_minus256_choose_x_now,/workspace/results/qwen3_32b/time_utility_experiment_probe_steered/20260412-093352/qwen3_32b_steer_immediate_minus256_layer40_strength256_choose_x_now.png
steer_immediate_minus256_unparsed_rate,/workspace/results/qwen3_32b/time_utility_experiment_probe_steered/20260412-093352/qwen3_32b_steer_immediate_minus256_layer40_strength256_unparsed_rate.png
steer_immediate_minus32_choose_x_now,/workspace/results/qwen3_32b/time_utility_experiment_probe_steered/20260412-093352/qwen3_32b_steer_immediate_minus32_layer40_strength32_choose_x_now.png
steer_immediate_minus32_unparsed_rate,/workspace/results/qwen3_32b/time_utility_experiment_probe_steered/20260412-093352/qwen3_32b_steer_immediate_minus32_layer40_strength32_unparsed_rate.png
steer_immediate_minus64_choose_x_now,/workspace/results/qwen3_32b/time_utility_experiment_probe_steered/20260412-093352/qwen3_32b_steer_immediate_minus64_layer40_strength64_choose_x_now.png
steer_immediate_minus64_unparsed_rate,/workspace/results/qwen3_32b/time_utility_experiment_probe_steered/20260412-093352/qwen3_32b_steer_immediate_minus64_layer40_strength64_unparsed_rate.png
steer_immediate_minus8_choose_x_now,/workspace/results/qwen3_32b/time_utility_experiment_probe_steered/20260412-093352/qwen3_32b_steer_immediate_minus8_layer40_strength8_choose_x_now.png
steer_immediate_minus8_unparsed_rate,/workspace/results/qwen3_32b/time_utility_experiment_probe_steered/20260412-093352/qwen3_32b_steer_immediate_minus8_layer40_strength8_unparsed_rate.png
steer_long_term_plus128_choose_x_now,/workspace/results/qwen3_32b/time_utility_experiment_probe_steered/20260412-093352/qwen3_32b_steer_long_term_plus128_layer40_strength128_choose_x_now.png
steer_long_term_plus128_unparsed_rate,/workspace/results/qwen3_32b/time_utility_experiment_probe_steered/20260412-093352/qwen3_32b_steer_long_term_plus128_layer40_strength128_unparsed_rate.png
steer_long_term_plus16_choose_x_now,/workspace/results/qwen3_32b/time_utility_experiment_probe_steered/20260412-093352/qwen3_32b_steer_long_term_plus16_layer40_strength16_choose_x_now.png
steer_long_term_plus16_unparsed_rate,/workspace/results/qwen3_32b/time_utility_experiment_probe_steered/20260412-093352/qwen3_32b_steer_long_term_plus16_layer40_strength16_unparsed_rate.png
steer_long_term_plus256_choose_x_now,/workspace/results/qwen3_32b/time_utility_experiment_probe_steered/20260412-093352/qwen3_32b_steer_long_term_plus256_layer40_strength256_choose_x_now.png
steer_long_term_plus256_unparsed_rate,/workspace/results/qwen3_32b/time_utility_experiment_probe_steered/20260412-093352/qwen3_32b_steer_long_term_plus256_layer40_strength256_unparsed_rate.png
steer_long_term_plus32_choose_x_now,/workspace/results/qwen3_32b/time_utility_experiment_probe_steered/20260412-093352/qwen3_32b_steer_long_term_plus32_layer40_strength32_choose_x_now.png
steer_long_term_plus32_unparsed_rate,/workspace/results/qwen3_32b/time_utility_experiment_probe_steered/20260412-093352/qwen3_32b_steer_long_term_plus32_layer40_strength32_unparsed_rate.png
steer_long_term_plus64_choose_x_now,/workspace/results/qwen3_32b/time_utility_experiment_probe_steered/20260412-093352/qwen3_32b_steer_long_term_plus64_layer40_strength64_choose_x_now.png
steer_long_term_plus64_unparsed_rate,/workspace/results/qwen3_32b/time_utility_experiment_probe_steered/20260412-093352/qwen3_32b_steer_long_term_plus64_layer40_strength64_unparsed_rate.png
steer_long_term_plus8_choose_x_now,/workspace/results/qwen3_32b/time_utility_experiment_probe_steered/20260412-093352/qwen3_32b_steer_long_term_plus8_layer40_strength8_choose_x_now.png
steer_long_term_plus8_unparsed_rate,/workspace/results/qwen3_32b/time_utility_experiment_probe_steered/20260412-093352/qwen3_32b_steer_long_term_plus8_layer40_strength8_unparsed_rate.png
